-- phpMyAdmin SQL Dump
-- version 5.1.1
-- https://www.phpmyadmin.net/
--
-- Host: localhost
-- Generation Time: Apr 10, 2022 at 02:34 PM
-- Server version: 10.3.34-MariaDB-0+deb10u1
-- PHP Version: 7.4.28

SET SQL_MODE = "NO_AUTO_VALUE_ON_ZERO";
START TRANSACTION;
SET time_zone = "+00:00";


/*!40101 SET @OLD_CHARACTER_SET_CLIENT=@@CHARACTER_SET_CLIENT */;
/*!40101 SET @OLD_CHARACTER_SET_RESULTS=@@CHARACTER_SET_RESULTS */;
/*!40101 SET @OLD_COLLATION_CONNECTION=@@COLLATION_CONNECTION */;
/*!40101 SET NAMES utf8mb4 */;

--
-- Database: `booking`
--

-- --------------------------------------------------------

--
-- Table structure for table `bookings`
--

CREATE TABLE `bookings` (
  `id` bigint(20) UNSIGNED NOT NULL,
  `user_id` bigint(20) UNSIGNED NOT NULL,
  `booking_date` text COLLATE utf8mb4_unicode_ci NOT NULL,
  `booking_slot` text COLLATE utf8mb4_unicode_ci NOT NULL,
  `price_per_slot` double(8,2) NOT NULL,
  `status` tinyint(4) NOT NULL DEFAULT 0 COMMENT '1 = paid or confirm, 0 = unpaid',
  `razorpay_payment_id` varchar(255) COLLATE utf8mb4_unicode_ci DEFAULT NULL,
  `razorpay_order_id` varchar(255) COLLATE utf8mb4_unicode_ci DEFAULT NULL,
  `created_at` timestamp NULL DEFAULT NULL,
  `updated_at` timestamp NULL DEFAULT NULL,
  `booked_by` bigint(20) UNSIGNED NOT NULL
) ENGINE=InnoDB DEFAULT CHARSET=utf8mb4 COLLATE=utf8mb4_unicode_ci;

--
-- Dumping data for table `bookings`
--

INSERT INTO `bookings` (`id`, `user_id`, `booking_date`, `booking_slot`, `price_per_slot`, `status`, `razorpay_payment_id`, `razorpay_order_id`, `created_at`, `updated_at`, `booked_by`) VALUES
(6, 5, '2022-04-11', '10:00', 10.50, 2, 'pay_JGiepmXNhv9pvE', 'order_JGiej5zBo6ttZx', '2022-04-07 22:19:08', '2022-04-08 22:49:46', 2),
(7, 5, '2022-04-11', '10:20', 10.50, 2, 'pay_JGikThKaZqS24V', 'order_JGikIPFYI12wLC', '2022-04-07 22:19:52', '2022-04-08 22:50:57', 2),
(8, 5, '2022-04-11', '10:40', 10.50, 2, 'pay_JGis3L6YtY5NlH', 'order_JGiruDpiuvjcbc', '2022-04-07 22:31:37', '2022-04-08 22:57:02', 2),
(9, 5, '2022-04-11', '11:00', 10.50, 2, 'pay_JGj14cCSlba8zm', 'order_JGj0cS6c4ZQXm8', '2022-04-07 22:37:36', '2022-04-09 04:33:46', 2),
(10, 5, '2022-04-11', '11:20', 10.50, 2, 'pay_JGji79z61rtWKq', 'order_JGji10oHYJU5ve', '2022-04-07 23:20:56', '2022-04-09 04:42:11', 2),
(11, 5, '2022-04-11', '11:40', 10.50, 1, 'pay_JGjjAeAaEm053B', 'order_JGjixiaFpf49VD', '2022-04-07 23:21:49', '2022-04-07 23:22:06', 2),
(12, 5, '2022-04-11', '12:00', 10.50, 1, 'pay_JGjkLBnxvSGpxU', 'order_JGjkFPZntHnBz8', '2022-04-07 23:23:02', '2022-04-07 23:23:12', 2),
(13, 5, '2022-04-11', '12:20', 10.50, 1, 'pay_JGjnBEXwKgRlvP', 'order_JGjn4cmpoyg33y', '2022-04-07 23:25:43', '2022-04-07 23:25:54', 2),
(14, 5, '2022-04-11', '12:40', 10.50, 1, 'pay_JGjyl7fHbTREIu', 'order_JGjyfCCoPd5Jfr', '2022-04-07 23:36:42', '2022-04-07 23:36:52', 2),
(15, 5, '2022-04-11', '13:00', 10.50, 1, 'pay_JGjzbWz73CEcTB', 'order_JGjzVA5or0rFLe', '2022-04-07 23:37:29', '2022-04-07 23:37:39', 2),
(16, 5, '2022-04-11', '13:20', 10.50, 1, 'pay_JGk2eLsVIJhXjE', 'order_JGk2YY5BXtqdoR', '2022-04-07 23:40:23', '2022-04-07 23:40:33', 2),
(17, 5, '2022-04-11', '13:40', 10.50, 2, 'pay_JGk3Ez2YF6wIjO', 'order_JGk39KENsc71vV', '2022-04-07 23:40:57', '2022-04-09 04:38:55', 2),
(18, 5, '2022-04-13', '10:00', 10.50, 2, 'pay_JGkNRMZNyLqPD1', 'order_JGkNL3kWdUGpBV', '2022-04-08 00:00:04', '2022-04-08 22:51:01', 2),
(19, 5, '2022-04-11', '14:00', 10.50, 2, 'pay_JH6Ak3RM77y4ot', 'order_JH6AZ6g5aysDW2', '2022-04-08 21:19:13', '2022-04-08 23:00:35', 20),
(20, 5, '2022-04-11', '14:00', 10.50, 2, 'pay_JHDcyqYT0qQ112', 'order_JHDcoR5s9Zo3LJ', '2022-04-09 04:36:48', '2022-04-09 04:37:42', 20);

-- --------------------------------------------------------

--
-- Table structure for table `booking_settings`
--

CREATE TABLE `booking_settings` (
  `id` bigint(20) UNSIGNED NOT NULL,
  `start_time` text COLLATE utf8mb4_unicode_ci NOT NULL,
  `end_time` text COLLATE utf8mb4_unicode_ci NOT NULL,
  `time_step` int(11) NOT NULL,
  `price_per_slot` double(8,2) NOT NULL,
  `user_id` bigint(20) UNSIGNED NOT NULL,
  `created_at` timestamp NULL DEFAULT NULL,
  `updated_at` timestamp NULL DEFAULT NULL
) ENGINE=InnoDB DEFAULT CHARSET=utf8mb4 COLLATE=utf8mb4_unicode_ci;

--
-- Dumping data for table `booking_settings`
--

INSERT INTO `booking_settings` (`id`, `start_time`, `end_time`, `time_step`, `price_per_slot`, `user_id`, `created_at`, `updated_at`) VALUES
(1, '10:00', '20:00', 20, 10.50, 5, '2022-04-05 03:46:58', '2022-04-05 03:54:17'),
(4, '10:00', '18:00', 15, 10.00, 6, '2022-04-05 03:57:40', '2022-04-05 04:09:41'),
(5, '08:00', '16:00', 10, 120.00, 9, '2022-04-08 00:08:51', '2022-04-08 00:09:11'),
(6, '00:00', '23:45', 15, 10.00, 9, '2022-04-08 00:09:11', '2022-04-08 00:09:11');

-- --------------------------------------------------------

--
-- Table structure for table `booking_slots`
--

CREATE TABLE `booking_slots` (
  `id` bigint(20) UNSIGNED NOT NULL,
  `user_id` bigint(20) UNSIGNED NOT NULL,
  `slot_date` text COLLATE utf8mb4_unicode_ci NOT NULL,
  `slot_time` text COLLATE utf8mb4_unicode_ci NOT NULL,
  `price_per_slot` double(8,2) NOT NULL,
  `created_at` timestamp NULL DEFAULT NULL,
  `updated_at` timestamp NULL DEFAULT NULL
) ENGINE=InnoDB DEFAULT CHARSET=utf8mb4 COLLATE=utf8mb4_unicode_ci;

--
-- Dumping data for table `booking_slots`
--

INSERT INTO `booking_slots` (`id`, `user_id`, `slot_date`, `slot_time`, `price_per_slot`, `created_at`, `updated_at`) VALUES
(1, 5, '2022-04-06', '10:00', 10.50, '2022-04-05 04:59:30', '2022-04-05 04:59:30'),
(2, 5, '2022-04-06', '10:20', 10.50, '2022-04-05 04:59:30', '2022-04-05 04:59:30'),
(4, 5, '2022-04-06', '11:00', 10.50, '2022-04-05 04:59:30', '2022-04-05 04:59:30'),
(5, 5, '2022-04-06', '11:20', 10.50, '2022-04-05 04:59:30', '2022-04-05 04:59:30'),
(6, 5, '2022-04-06', '11:40', 10.50, '2022-04-05 04:59:30', '2022-04-05 04:59:30'),
(7, 5, '2022-04-06', '12:00', 10.50, '2022-04-05 04:59:30', '2022-04-05 04:59:30'),
(8, 5, '2022-04-06', '12:20', 10.50, '2022-04-05 04:59:30', '2022-04-05 04:59:30'),
(9, 5, '2022-04-06', '12:40', 10.50, '2022-04-05 04:59:30', '2022-04-05 04:59:30'),
(10, 5, '2022-04-06', '13:00', 10.50, '2022-04-05 04:59:30', '2022-04-05 04:59:30'),
(11, 5, '2022-04-06', '13:20', 10.50, '2022-04-05 04:59:30', '2022-04-05 04:59:30'),
(12, 5, '2022-04-06', '13:40', 10.50, '2022-04-05 04:59:30', '2022-04-05 04:59:30'),
(13, 5, '2022-04-06', '14:00', 10.50, '2022-04-05 04:59:30', '2022-04-05 04:59:30'),
(14, 5, '2022-04-06', '14:20', 10.50, '2022-04-05 04:59:30', '2022-04-05 04:59:30'),
(15, 5, '2022-04-06', '14:40', 10.50, '2022-04-05 04:59:30', '2022-04-05 04:59:30'),
(16, 5, '2022-04-06', '15:00', 10.50, '2022-04-05 04:59:30', '2022-04-05 04:59:30'),
(17, 5, '2022-04-06', '15:20', 10.50, '2022-04-05 04:59:30', '2022-04-05 04:59:30'),
(18, 5, '2022-04-06', '15:40', 10.50, '2022-04-05 04:59:30', '2022-04-05 04:59:30'),
(19, 5, '2022-04-06', '16:00', 10.50, '2022-04-05 04:59:30', '2022-04-05 04:59:30'),
(20, 5, '2022-04-06', '16:20', 10.50, '2022-04-05 04:59:30', '2022-04-05 04:59:30'),
(21, 5, '2022-04-06', '16:40', 10.50, '2022-04-05 04:59:30', '2022-04-05 04:59:30'),
(22, 5, '2022-04-06', '17:00', 10.50, '2022-04-05 04:59:30', '2022-04-05 04:59:30'),
(23, 5, '2022-04-06', '17:20', 10.50, '2022-04-05 04:59:30', '2022-04-05 04:59:30'),
(24, 5, '2022-04-06', '17:40', 10.50, '2022-04-05 04:59:30', '2022-04-05 04:59:30'),
(25, 5, '2022-04-06', '18:00', 10.50, '2022-04-05 04:59:30', '2022-04-05 04:59:30'),
(26, 5, '2022-04-06', '18:20', 10.50, '2022-04-05 04:59:30', '2022-04-05 04:59:30'),
(27, 5, '2022-04-06', '18:40', 10.50, '2022-04-05 04:59:30', '2022-04-05 04:59:30'),
(28, 5, '2022-04-06', '19:00', 10.50, '2022-04-05 04:59:30', '2022-04-05 04:59:30'),
(29, 5, '2022-04-06', '19:20', 10.50, '2022-04-05 04:59:30', '2022-04-05 04:59:30'),
(30, 5, '2022-04-06', '19:40', 10.50, '2022-04-05 04:59:30', '2022-04-05 04:59:30'),
(31, 5, '2022-04-06', '20:00', 10.50, '2022-04-05 04:59:30', '2022-04-05 04:59:30'),
(94, 5, '2022-04-14', '10:00', 10.50, '2022-04-05 04:59:30', '2022-04-05 04:59:30'),
(95, 5, '2022-04-14', '10:20', 10.50, '2022-04-05 04:59:30', '2022-04-05 04:59:30'),
(96, 5, '2022-04-14', '10:40', 10.50, '2022-04-05 04:59:30', '2022-04-05 04:59:30'),
(97, 5, '2022-04-14', '11:00', 10.50, '2022-04-05 04:59:30', '2022-04-05 04:59:30'),
(98, 5, '2022-04-14', '11:20', 10.50, '2022-04-05 04:59:30', '2022-04-05 04:59:30'),
(99, 5, '2022-04-14', '11:40', 10.50, '2022-04-05 04:59:30', '2022-04-05 04:59:30'),
(100, 5, '2022-04-14', '12:00', 10.50, '2022-04-05 04:59:30', '2022-04-05 04:59:30'),
(101, 5, '2022-04-14', '12:20', 10.50, '2022-04-05 04:59:30', '2022-04-05 04:59:30'),
(102, 5, '2022-04-14', '12:40', 10.50, '2022-04-05 04:59:30', '2022-04-05 04:59:30'),
(103, 5, '2022-04-14', '13:00', 10.50, '2022-04-05 04:59:30', '2022-04-05 04:59:30'),
(104, 5, '2022-04-14', '13:20', 10.50, '2022-04-05 04:59:30', '2022-04-05 04:59:30'),
(105, 5, '2022-04-14', '13:40', 10.50, '2022-04-05 04:59:30', '2022-04-05 04:59:30'),
(106, 5, '2022-04-14', '14:00', 10.50, '2022-04-05 04:59:30', '2022-04-05 04:59:30'),
(107, 5, '2022-04-14', '14:20', 10.50, '2022-04-05 04:59:30', '2022-04-05 04:59:30'),
(108, 5, '2022-04-14', '14:40', 10.50, '2022-04-05 04:59:30', '2022-04-05 04:59:30'),
(109, 5, '2022-04-14', '15:00', 10.50, '2022-04-05 04:59:30', '2022-04-05 04:59:30'),
(110, 5, '2022-04-14', '15:20', 10.50, '2022-04-05 04:59:30', '2022-04-05 04:59:30'),
(111, 5, '2022-04-14', '15:40', 10.50, '2022-04-05 04:59:30', '2022-04-05 04:59:30'),
(112, 5, '2022-04-14', '16:00', 10.50, '2022-04-05 04:59:30', '2022-04-05 04:59:30'),
(113, 5, '2022-04-14', '16:20', 10.50, '2022-04-05 04:59:30', '2022-04-05 04:59:30'),
(114, 5, '2022-04-14', '16:40', 10.50, '2022-04-05 04:59:30', '2022-04-05 04:59:30'),
(115, 5, '2022-04-14', '17:00', 10.50, '2022-04-05 04:59:30', '2022-04-05 04:59:30'),
(116, 5, '2022-04-14', '17:20', 10.50, '2022-04-05 04:59:30', '2022-04-05 04:59:30'),
(117, 5, '2022-04-14', '17:40', 10.50, '2022-04-05 04:59:30', '2022-04-05 04:59:30'),
(118, 5, '2022-04-14', '18:00', 10.50, '2022-04-05 04:59:30', '2022-04-05 04:59:30'),
(119, 5, '2022-04-14', '18:20', 10.50, '2022-04-05 04:59:30', '2022-04-05 04:59:30'),
(120, 5, '2022-04-14', '18:40', 10.50, '2022-04-05 04:59:30', '2022-04-05 04:59:30'),
(121, 5, '2022-04-14', '19:00', 10.50, '2022-04-05 04:59:30', '2022-04-05 04:59:30'),
(122, 5, '2022-04-14', '19:20', 10.50, '2022-04-05 04:59:30', '2022-04-05 04:59:30'),
(123, 5, '2022-04-14', '19:40', 10.50, '2022-04-05 04:59:30', '2022-04-05 04:59:30'),
(124, 5, '2022-04-14', '20:00', 10.50, '2022-04-05 04:59:30', '2022-04-05 04:59:30'),
(125, 5, '2022-04-13', '10:00', 10.50, '2022-04-05 04:59:30', '2022-04-05 04:59:30'),
(127, 5, '2022-04-13', '10:40', 10.50, '2022-04-05 04:59:30', '2022-04-05 04:59:30'),
(128, 5, '2022-04-13', '11:00', 10.50, '2022-04-05 04:59:30', '2022-04-05 04:59:30'),
(129, 5, '2022-04-13', '11:20', 10.50, '2022-04-05 04:59:30', '2022-04-05 04:59:30'),
(130, 5, '2022-04-13', '11:40', 10.50, '2022-04-05 04:59:30', '2022-04-05 04:59:30'),
(131, 5, '2022-04-13', '12:00', 10.50, '2022-04-05 04:59:30', '2022-04-05 04:59:30'),
(132, 5, '2022-04-13', '12:20', 10.50, '2022-04-05 04:59:30', '2022-04-05 04:59:30'),
(133, 5, '2022-04-13', '12:40', 10.50, '2022-04-05 04:59:30', '2022-04-05 04:59:30'),
(134, 5, '2022-04-13', '13:00', 10.50, '2022-04-05 04:59:30', '2022-04-05 04:59:30'),
(135, 5, '2022-04-13', '13:20', 10.50, '2022-04-05 04:59:30', '2022-04-05 04:59:30'),
(136, 5, '2022-04-13', '13:40', 10.50, '2022-04-05 04:59:30', '2022-04-05 04:59:30'),
(137, 5, '2022-04-13', '14:00', 10.50, '2022-04-05 04:59:30', '2022-04-05 04:59:30'),
(138, 5, '2022-04-13', '14:20', 10.50, '2022-04-05 04:59:30', '2022-04-05 04:59:30'),
(139, 5, '2022-04-13', '14:40', 10.50, '2022-04-05 04:59:30', '2022-04-05 04:59:30'),
(140, 5, '2022-04-13', '15:00', 10.50, '2022-04-05 04:59:30', '2022-04-05 04:59:30'),
(141, 5, '2022-04-13', '15:20', 10.50, '2022-04-05 04:59:30', '2022-04-05 04:59:30'),
(142, 5, '2022-04-13', '15:40', 10.50, '2022-04-05 04:59:30', '2022-04-05 04:59:30'),
(143, 5, '2022-04-13', '16:00', 10.50, '2022-04-05 04:59:30', '2022-04-05 04:59:30'),
(144, 5, '2022-04-13', '16:20', 10.50, '2022-04-05 04:59:30', '2022-04-05 04:59:30'),
(145, 5, '2022-04-13', '16:40', 10.50, '2022-04-05 04:59:30', '2022-04-05 04:59:30'),
(146, 5, '2022-04-13', '17:00', 10.50, '2022-04-05 04:59:30', '2022-04-05 04:59:30'),
(147, 5, '2022-04-13', '17:20', 10.50, '2022-04-05 04:59:30', '2022-04-05 04:59:30'),
(148, 5, '2022-04-13', '17:40', 10.50, '2022-04-05 04:59:30', '2022-04-05 04:59:30'),
(149, 5, '2022-04-13', '18:00', 10.50, '2022-04-05 04:59:30', '2022-04-05 04:59:30'),
(150, 5, '2022-04-13', '18:20', 10.50, '2022-04-05 04:59:30', '2022-04-05 04:59:30'),
(151, 5, '2022-04-13', '18:40', 10.50, '2022-04-05 04:59:30', '2022-04-05 04:59:30'),
(152, 5, '2022-04-13', '19:00', 10.50, '2022-04-05 04:59:30', '2022-04-05 04:59:30'),
(153, 5, '2022-04-13', '19:20', 10.50, '2022-04-05 04:59:30', '2022-04-05 04:59:30'),
(154, 5, '2022-04-13', '19:40', 10.50, '2022-04-05 04:59:30', '2022-04-05 04:59:30'),
(155, 5, '2022-04-13', '20:00', 10.50, '2022-04-05 04:59:30', '2022-04-05 04:59:30'),
(156, 5, '2022-04-20', '10:00', 10.50, '2022-04-05 04:59:30', '2022-04-05 04:59:30'),
(157, 5, '2022-04-20', '10:20', 10.50, '2022-04-05 04:59:30', '2022-04-05 04:59:30'),
(158, 5, '2022-04-20', '10:40', 10.50, '2022-04-05 04:59:30', '2022-04-05 04:59:30'),
(159, 5, '2022-04-20', '11:00', 10.50, '2022-04-05 04:59:30', '2022-04-05 04:59:30'),
(160, 5, '2022-04-20', '11:20', 10.50, '2022-04-05 04:59:30', '2022-04-05 04:59:30'),
(161, 5, '2022-04-20', '11:40', 10.50, '2022-04-05 04:59:30', '2022-04-05 04:59:30'),
(162, 5, '2022-04-20', '12:00', 10.50, '2022-04-05 04:59:30', '2022-04-05 04:59:30'),
(163, 5, '2022-04-20', '12:20', 10.50, '2022-04-05 04:59:30', '2022-04-05 04:59:30'),
(164, 5, '2022-04-20', '12:40', 10.50, '2022-04-05 04:59:30', '2022-04-05 04:59:30'),
(165, 5, '2022-04-20', '13:00', 10.50, '2022-04-05 04:59:30', '2022-04-05 04:59:30'),
(166, 5, '2022-04-20', '13:20', 10.50, '2022-04-05 04:59:30', '2022-04-05 04:59:30'),
(167, 5, '2022-04-20', '13:40', 10.50, '2022-04-05 04:59:30', '2022-04-05 04:59:30'),
(168, 5, '2022-04-20', '14:00', 10.50, '2022-04-05 04:59:30', '2022-04-05 04:59:30'),
(169, 5, '2022-04-20', '14:20', 10.50, '2022-04-05 04:59:30', '2022-04-05 04:59:30'),
(170, 5, '2022-04-20', '14:40', 10.50, '2022-04-05 04:59:30', '2022-04-05 04:59:30'),
(171, 5, '2022-04-20', '15:00', 10.50, '2022-04-05 04:59:30', '2022-04-05 04:59:30'),
(172, 5, '2022-04-20', '15:20', 10.50, '2022-04-05 04:59:30', '2022-04-05 04:59:30'),
(173, 5, '2022-04-20', '15:40', 10.50, '2022-04-05 04:59:30', '2022-04-05 04:59:30'),
(174, 5, '2022-04-20', '16:00', 10.50, '2022-04-05 04:59:30', '2022-04-05 04:59:30'),
(175, 5, '2022-04-20', '16:20', 10.50, '2022-04-05 04:59:30', '2022-04-05 04:59:30'),
(176, 5, '2022-04-20', '16:40', 10.50, '2022-04-05 04:59:30', '2022-04-05 04:59:30'),
(177, 5, '2022-04-20', '17:00', 10.50, '2022-04-05 04:59:30', '2022-04-05 04:59:30'),
(178, 5, '2022-04-20', '17:20', 10.50, '2022-04-05 04:59:30', '2022-04-05 04:59:30'),
(179, 5, '2022-04-20', '17:40', 10.50, '2022-04-05 04:59:30', '2022-04-05 04:59:30'),
(180, 5, '2022-04-20', '18:00', 10.50, '2022-04-05 04:59:30', '2022-04-05 04:59:30'),
(181, 5, '2022-04-20', '18:20', 10.50, '2022-04-05 04:59:30', '2022-04-05 04:59:30'),
(182, 5, '2022-04-20', '18:40', 10.50, '2022-04-05 04:59:30', '2022-04-05 04:59:30'),
(183, 5, '2022-04-20', '19:00', 10.50, '2022-04-05 04:59:30', '2022-04-05 04:59:30'),
(184, 5, '2022-04-20', '19:20', 10.50, '2022-04-05 04:59:30', '2022-04-05 04:59:30'),
(185, 5, '2022-04-20', '19:40', 10.50, '2022-04-05 04:59:30', '2022-04-05 04:59:30'),
(186, 5, '2022-04-20', '20:00', 10.50, '2022-04-05 04:59:30', '2022-04-05 04:59:30'),
(222, 5, '2022-04-07', '10:00', 10.50, '2022-04-06 00:06:04', '2022-04-06 00:06:04'),
(223, 5, '2022-04-07', '10:20', 10.50, '2022-04-06 00:06:04', '2022-04-06 00:06:04'),
(224, 5, '2022-04-07', '10:40', 10.50, '2022-04-06 00:06:04', '2022-04-06 00:06:04'),
(225, 5, '2022-04-07', '11:00', 10.50, '2022-04-06 00:06:04', '2022-04-06 00:06:04'),
(226, 5, '2022-04-07', '11:20', 10.50, '2022-04-06 00:06:04', '2022-04-06 00:06:04'),
(227, 5, '2022-04-07', '11:40', 10.50, '2022-04-06 00:06:04', '2022-04-06 00:06:04'),
(228, 5, '2022-04-07', '12:00', 10.50, '2022-04-06 00:06:04', '2022-04-06 00:06:04'),
(229, 5, '2022-04-07', '12:20', 10.50, '2022-04-06 00:06:04', '2022-04-06 00:06:04'),
(230, 5, '2022-04-07', '12:40', 10.50, '2022-04-06 00:06:04', '2022-04-06 00:06:04'),
(231, 5, '2022-04-07', '13:00', 10.50, '2022-04-06 00:06:04', '2022-04-06 00:06:04'),
(232, 5, '2022-04-07', '13:20', 10.50, '2022-04-06 00:06:04', '2022-04-06 00:06:04'),
(233, 5, '2022-04-07', '13:40', 10.50, '2022-04-06 00:06:04', '2022-04-06 00:06:04'),
(234, 5, '2022-04-07', '14:00', 10.50, '2022-04-06 00:06:04', '2022-04-06 00:06:04'),
(235, 5, '2022-04-07', '14:20', 10.50, '2022-04-06 00:06:04', '2022-04-06 00:06:04'),
(236, 5, '2022-04-07', '14:40', 10.50, '2022-04-06 00:06:04', '2022-04-06 00:06:04'),
(237, 5, '2022-04-07', '15:00', 10.50, '2022-04-06 00:06:04', '2022-04-06 00:06:04'),
(238, 5, '2022-04-07', '15:20', 10.50, '2022-04-06 00:06:04', '2022-04-06 00:06:04'),
(239, 5, '2022-04-07', '15:40', 10.50, '2022-04-06 00:06:04', '2022-04-06 00:06:04'),
(240, 5, '2022-04-07', '16:00', 10.50, '2022-04-06 00:06:04', '2022-04-06 00:06:04'),
(241, 5, '2022-04-07', '16:20', 10.50, '2022-04-06 00:06:04', '2022-04-06 00:06:04'),
(242, 5, '2022-04-07', '16:40', 10.50, '2022-04-06 00:06:04', '2022-04-06 00:06:04'),
(243, 5, '2022-04-07', '17:00', 10.50, '2022-04-06 00:06:04', '2022-04-06 00:06:04'),
(244, 5, '2022-04-07', '17:20', 10.50, '2022-04-06 00:06:04', '2022-04-06 00:06:04'),
(245, 5, '2022-04-07', '17:40', 10.50, '2022-04-06 00:06:04', '2022-04-06 00:06:04'),
(246, 5, '2022-04-07', '18:00', 10.50, '2022-04-06 00:06:04', '2022-04-06 00:06:04'),
(247, 5, '2022-04-07', '18:20', 10.50, '2022-04-06 00:06:04', '2022-04-06 00:06:04'),
(248, 5, '2022-04-07', '18:40', 10.50, '2022-04-06 00:06:04', '2022-04-06 00:06:04'),
(249, 5, '2022-04-07', '19:00', 10.50, '2022-04-06 00:06:04', '2022-04-06 00:06:04'),
(250, 5, '2022-04-07', '19:20', 10.50, '2022-04-06 00:06:04', '2022-04-06 00:06:04'),
(251, 5, '2022-04-07', '19:40', 10.50, '2022-04-06 00:06:04', '2022-04-06 00:06:04'),
(252, 5, '2022-04-07', '20:00', 10.50, '2022-04-06 00:06:04', '2022-04-06 00:06:04'),
(253, 5, '2022-04-08', '10:00', 10.50, '2022-04-06 00:08:31', '2022-04-06 00:08:31'),
(254, 5, '2022-04-08', '10:20', 10.50, '2022-04-06 00:08:31', '2022-04-06 00:08:31'),
(255, 5, '2022-04-08', '10:40', 10.50, '2022-04-06 00:08:31', '2022-04-06 00:08:31'),
(256, 5, '2022-04-08', '11:00', 10.50, '2022-04-06 00:08:31', '2022-04-06 00:08:31'),
(257, 5, '2022-04-08', '11:20', 10.50, '2022-04-06 00:08:31', '2022-04-06 00:08:31'),
(258, 5, '2022-04-08', '11:40', 10.50, '2022-04-06 00:08:31', '2022-04-06 00:08:31'),
(259, 5, '2022-04-08', '12:00', 10.50, '2022-04-06 00:08:31', '2022-04-06 00:08:31'),
(260, 5, '2022-04-08', '12:20', 10.50, '2022-04-06 00:08:31', '2022-04-06 00:08:31'),
(261, 5, '2022-04-08', '12:40', 10.50, '2022-04-06 00:08:31', '2022-04-06 00:08:31'),
(262, 5, '2022-04-08', '13:00', 10.50, '2022-04-06 00:08:31', '2022-04-06 00:08:31'),
(263, 5, '2022-04-08', '13:20', 10.50, '2022-04-06 00:08:31', '2022-04-06 00:08:31'),
(264, 5, '2022-04-08', '13:40', 10.50, '2022-04-06 00:08:31', '2022-04-06 00:08:31'),
(265, 5, '2022-04-08', '14:00', 10.50, '2022-04-06 00:08:31', '2022-04-06 00:08:31'),
(266, 5, '2022-04-08', '14:20', 10.50, '2022-04-06 00:08:31', '2022-04-06 00:08:31'),
(267, 5, '2022-04-08', '14:40', 10.50, '2022-04-06 00:08:31', '2022-04-06 00:08:31'),
(268, 5, '2022-04-08', '15:00', 10.50, '2022-04-06 00:08:31', '2022-04-06 00:08:31'),
(269, 5, '2022-04-08', '15:20', 10.50, '2022-04-06 00:08:31', '2022-04-06 00:08:31'),
(270, 5, '2022-04-08', '15:40', 10.50, '2022-04-06 00:08:31', '2022-04-06 00:08:31'),
(271, 5, '2022-04-08', '16:00', 10.50, '2022-04-06 00:08:31', '2022-04-06 00:08:31'),
(272, 5, '2022-04-08', '16:20', 10.50, '2022-04-06 00:08:31', '2022-04-06 00:08:31'),
(273, 5, '2022-04-08', '16:40', 10.50, '2022-04-06 00:08:31', '2022-04-06 00:08:31'),
(274, 5, '2022-04-08', '17:00', 10.50, '2022-04-06 00:08:31', '2022-04-06 00:08:31'),
(275, 5, '2022-04-08', '17:20', 10.50, '2022-04-06 00:08:31', '2022-04-06 00:08:31'),
(276, 5, '2022-04-08', '17:40', 10.50, '2022-04-06 00:08:31', '2022-04-06 00:08:31'),
(277, 5, '2022-04-08', '18:00', 10.50, '2022-04-06 00:08:31', '2022-04-06 00:08:31'),
(278, 5, '2022-04-08', '18:20', 10.50, '2022-04-06 00:08:31', '2022-04-06 00:08:31'),
(279, 5, '2022-04-08', '18:40', 10.50, '2022-04-06 00:08:31', '2022-04-06 00:08:31'),
(280, 5, '2022-04-08', '19:00', 10.50, '2022-04-06 00:08:31', '2022-04-06 00:08:31'),
(281, 5, '2022-04-08', '19:20', 10.50, '2022-04-06 00:08:31', '2022-04-06 00:08:31'),
(282, 5, '2022-04-08', '19:40', 10.50, '2022-04-06 00:08:31', '2022-04-06 00:08:31'),
(283, 5, '2022-04-08', '20:00', 10.50, '2022-04-06 00:08:31', '2022-04-06 00:08:31'),
(284, 5, '2022-04-11', '10:00', 10.50, '2022-04-06 00:08:58', '2022-04-06 00:08:58'),
(285, 5, '2022-04-11', '10:20', 10.50, '2022-04-06 00:08:58', '2022-04-06 00:08:58'),
(286, 5, '2022-04-11', '10:40', 10.50, '2022-04-06 00:08:58', '2022-04-06 00:08:58'),
(287, 5, '2022-04-11', '11:00', 10.50, '2022-04-06 00:08:58', '2022-04-06 00:08:58'),
(288, 5, '2022-04-11', '11:20', 10.50, '2022-04-06 00:08:58', '2022-04-06 00:08:58'),
(289, 5, '2022-04-11', '11:40', 10.50, '2022-04-06 00:08:58', '2022-04-06 00:08:58'),
(290, 5, '2022-04-11', '12:00', 10.50, '2022-04-06 00:08:58', '2022-04-06 00:08:58'),
(291, 5, '2022-04-11', '12:20', 10.50, '2022-04-06 00:08:58', '2022-04-06 00:08:58'),
(292, 5, '2022-04-11', '12:40', 10.50, '2022-04-06 00:08:58', '2022-04-06 00:08:58'),
(293, 5, '2022-04-11', '13:00', 10.50, '2022-04-06 00:08:58', '2022-04-06 00:08:58'),
(294, 5, '2022-04-11', '13:20', 10.50, '2022-04-06 00:08:58', '2022-04-06 00:08:58'),
(295, 5, '2022-04-11', '13:40', 10.50, '2022-04-06 00:08:58', '2022-04-06 00:08:58'),
(296, 5, '2022-04-11', '14:00', 10.50, '2022-04-06 00:08:58', '2022-04-06 00:08:58'),
(297, 5, '2022-04-11', '14:20', 10.50, '2022-04-06 00:08:58', '2022-04-06 00:08:58'),
(298, 5, '2022-04-11', '14:40', 10.50, '2022-04-06 00:08:58', '2022-04-06 00:08:58'),
(299, 5, '2022-04-11', '15:00', 10.50, '2022-04-06 00:08:58', '2022-04-06 00:08:58'),
(300, 5, '2022-04-11', '15:20', 10.50, '2022-04-06 00:08:58', '2022-04-06 00:08:58'),
(301, 5, '2022-04-11', '15:40', 10.50, '2022-04-06 00:08:58', '2022-04-06 00:08:58'),
(302, 5, '2022-04-11', '16:00', 10.50, '2022-04-06 00:08:58', '2022-04-06 00:08:58'),
(303, 5, '2022-04-11', '16:20', 10.50, '2022-04-06 00:08:58', '2022-04-06 00:08:58'),
(304, 5, '2022-04-11', '16:40', 10.50, '2022-04-06 00:08:58', '2022-04-06 00:08:58'),
(305, 5, '2022-04-11', '17:00', 10.50, '2022-04-06 00:08:58', '2022-04-06 00:08:58'),
(306, 5, '2022-04-11', '17:20', 10.50, '2022-04-06 00:08:58', '2022-04-06 00:08:58'),
(307, 5, '2022-04-11', '17:40', 10.50, '2022-04-06 00:08:58', '2022-04-06 00:08:58'),
(308, 5, '2022-04-11', '18:00', 10.50, '2022-04-06 00:08:58', '2022-04-06 00:08:58'),
(309, 5, '2022-04-11', '18:20', 10.50, '2022-04-06 00:08:58', '2022-04-06 00:08:58'),
(310, 5, '2022-04-11', '18:40', 10.50, '2022-04-06 00:08:58', '2022-04-06 00:08:58'),
(311, 5, '2022-04-11', '19:00', 10.50, '2022-04-06 00:08:58', '2022-04-06 00:08:58'),
(312, 5, '2022-04-11', '19:20', 10.50, '2022-04-06 00:08:58', '2022-04-06 00:08:58'),
(313, 5, '2022-04-11', '19:40', 10.50, '2022-04-06 00:08:58', '2022-04-06 00:08:58'),
(314, 5, '2022-04-11', '20:00', 10.50, '2022-04-06 00:08:58', '2022-04-06 00:08:58'),
(315, 5, '2022-04-12', '10:00', 10.50, '2022-04-06 00:08:58', '2022-04-06 00:08:58'),
(316, 5, '2022-04-12', '10:20', 10.50, '2022-04-06 00:08:58', '2022-04-06 00:08:58'),
(317, 5, '2022-04-12', '10:40', 10.50, '2022-04-06 00:08:59', '2022-04-06 00:08:59'),
(318, 5, '2022-04-12', '11:00', 10.50, '2022-04-06 00:08:59', '2022-04-06 00:08:59'),
(319, 5, '2022-04-12', '11:20', 10.50, '2022-04-06 00:08:59', '2022-04-06 00:08:59'),
(320, 5, '2022-04-12', '11:40', 10.50, '2022-04-06 00:08:59', '2022-04-06 00:08:59'),
(321, 5, '2022-04-12', '12:00', 10.50, '2022-04-06 00:08:59', '2022-04-06 00:08:59'),
(322, 5, '2022-04-12', '12:20', 10.50, '2022-04-06 00:08:59', '2022-04-06 00:08:59'),
(323, 5, '2022-04-12', '12:40', 10.50, '2022-04-06 00:08:59', '2022-04-06 00:08:59'),
(324, 5, '2022-04-12', '13:00', 10.50, '2022-04-06 00:08:59', '2022-04-06 00:08:59'),
(325, 5, '2022-04-12', '13:20', 10.50, '2022-04-06 00:08:59', '2022-04-06 00:08:59'),
(326, 5, '2022-04-12', '13:40', 10.50, '2022-04-06 00:08:59', '2022-04-06 00:08:59'),
(327, 5, '2022-04-12', '14:00', 10.50, '2022-04-06 00:08:59', '2022-04-06 00:08:59'),
(328, 5, '2022-04-12', '14:20', 10.50, '2022-04-06 00:08:59', '2022-04-06 00:08:59'),
(329, 5, '2022-04-12', '14:40', 10.50, '2022-04-06 00:08:59', '2022-04-06 00:08:59'),
(330, 5, '2022-04-12', '15:00', 10.50, '2022-04-06 00:08:59', '2022-04-06 00:08:59'),
(331, 5, '2022-04-12', '15:20', 10.50, '2022-04-06 00:08:59', '2022-04-06 00:08:59'),
(332, 5, '2022-04-12', '15:40', 10.50, '2022-04-06 00:08:59', '2022-04-06 00:08:59'),
(333, 5, '2022-04-12', '16:00', 10.50, '2022-04-06 00:08:59', '2022-04-06 00:08:59'),
(334, 5, '2022-04-12', '16:20', 10.50, '2022-04-06 00:08:59', '2022-04-06 00:08:59'),
(335, 5, '2022-04-12', '16:40', 10.50, '2022-04-06 00:08:59', '2022-04-06 00:08:59'),
(336, 5, '2022-04-12', '17:00', 10.50, '2022-04-06 00:08:59', '2022-04-06 00:08:59'),
(337, 5, '2022-04-12', '17:20', 10.50, '2022-04-06 00:08:59', '2022-04-06 00:08:59'),
(338, 5, '2022-04-12', '17:40', 10.50, '2022-04-06 00:08:59', '2022-04-06 00:08:59'),
(339, 5, '2022-04-12', '18:00', 10.50, '2022-04-06 00:08:59', '2022-04-06 00:08:59'),
(340, 5, '2022-04-12', '18:20', 10.50, '2022-04-06 00:08:59', '2022-04-06 00:08:59'),
(341, 5, '2022-04-12', '18:40', 10.50, '2022-04-06 00:08:59', '2022-04-06 00:08:59'),
(342, 5, '2022-04-12', '19:00', 10.50, '2022-04-06 00:08:59', '2022-04-06 00:08:59'),
(343, 5, '2022-04-12', '19:20', 10.50, '2022-04-06 00:08:59', '2022-04-06 00:08:59'),
(344, 5, '2022-04-12', '19:40', 10.50, '2022-04-06 00:08:59', '2022-04-06 00:08:59'),
(345, 5, '2022-04-12', '20:00', 10.50, '2022-04-06 00:08:59', '2022-04-06 00:08:59'),
(346, 5, '2022-04-15', '10:00', 10.50, '2022-04-06 00:08:59', '2022-04-06 00:08:59'),
(347, 5, '2022-04-15', '10:20', 10.50, '2022-04-06 00:08:59', '2022-04-06 00:08:59'),
(348, 5, '2022-04-15', '10:40', 10.50, '2022-04-06 00:08:59', '2022-04-06 00:08:59'),
(349, 5, '2022-04-15', '11:00', 10.50, '2022-04-06 00:08:59', '2022-04-06 00:08:59'),
(350, 5, '2022-04-15', '11:20', 10.50, '2022-04-06 00:08:59', '2022-04-06 00:08:59'),
(351, 5, '2022-04-15', '11:40', 10.50, '2022-04-06 00:08:59', '2022-04-06 00:08:59'),
(352, 5, '2022-04-15', '12:00', 10.50, '2022-04-06 00:08:59', '2022-04-06 00:08:59'),
(353, 5, '2022-04-15', '12:20', 10.50, '2022-04-06 00:08:59', '2022-04-06 00:08:59'),
(354, 5, '2022-04-15', '12:40', 10.50, '2022-04-06 00:08:59', '2022-04-06 00:08:59'),
(355, 5, '2022-04-15', '13:00', 10.50, '2022-04-06 00:08:59', '2022-04-06 00:08:59'),
(356, 5, '2022-04-15', '13:20', 10.50, '2022-04-06 00:08:59', '2022-04-06 00:08:59'),
(357, 5, '2022-04-15', '13:40', 10.50, '2022-04-06 00:08:59', '2022-04-06 00:08:59'),
(358, 5, '2022-04-15', '14:00', 10.50, '2022-04-06 00:08:59', '2022-04-06 00:08:59'),
(359, 5, '2022-04-15', '14:20', 10.50, '2022-04-06 00:08:59', '2022-04-06 00:08:59'),
(360, 5, '2022-04-15', '14:40', 10.50, '2022-04-06 00:08:59', '2022-04-06 00:08:59'),
(361, 5, '2022-04-15', '15:00', 10.50, '2022-04-06 00:08:59', '2022-04-06 00:08:59'),
(362, 5, '2022-04-15', '15:20', 10.50, '2022-04-06 00:08:59', '2022-04-06 00:08:59'),
(363, 5, '2022-04-15', '15:40', 10.50, '2022-04-06 00:08:59', '2022-04-06 00:08:59'),
(364, 5, '2022-04-15', '16:00', 10.50, '2022-04-06 00:08:59', '2022-04-06 00:08:59'),
(365, 5, '2022-04-15', '16:20', 10.50, '2022-04-06 00:08:59', '2022-04-06 00:08:59'),
(366, 5, '2022-04-15', '16:40', 10.50, '2022-04-06 00:08:59', '2022-04-06 00:08:59'),
(367, 5, '2022-04-15', '17:00', 10.50, '2022-04-06 00:08:59', '2022-04-06 00:08:59'),
(368, 5, '2022-04-15', '17:20', 10.50, '2022-04-06 00:08:59', '2022-04-06 00:08:59'),
(369, 5, '2022-04-15', '17:40', 10.50, '2022-04-06 00:08:59', '2022-04-06 00:08:59'),
(370, 5, '2022-04-15', '18:00', 10.50, '2022-04-06 00:08:59', '2022-04-06 00:08:59'),
(371, 5, '2022-04-15', '18:20', 10.50, '2022-04-06 00:08:59', '2022-04-06 00:08:59'),
(372, 5, '2022-04-15', '18:40', 10.50, '2022-04-06 00:08:59', '2022-04-06 00:08:59'),
(373, 5, '2022-04-15', '19:00', 10.50, '2022-04-06 00:08:59', '2022-04-06 00:08:59'),
(374, 5, '2022-04-15', '19:20', 10.50, '2022-04-06 00:08:59', '2022-04-06 00:08:59'),
(375, 5, '2022-04-15', '19:40', 10.50, '2022-04-06 00:08:59', '2022-04-06 00:08:59'),
(376, 5, '2022-04-15', '20:00', 10.50, '2022-04-06 00:08:59', '2022-04-06 00:08:59'),
(377, 5, '2022-04-18', '10:00', 10.50, '2022-04-06 00:08:59', '2022-04-06 00:08:59'),
(378, 5, '2022-04-18', '10:20', 10.50, '2022-04-06 00:08:59', '2022-04-06 00:08:59'),
(379, 5, '2022-04-18', '10:40', 10.50, '2022-04-06 00:08:59', '2022-04-06 00:08:59'),
(380, 5, '2022-04-18', '11:00', 10.50, '2022-04-06 00:08:59', '2022-04-06 00:08:59'),
(381, 5, '2022-04-18', '11:20', 10.50, '2022-04-06 00:08:59', '2022-04-06 00:08:59'),
(382, 5, '2022-04-18', '11:40', 10.50, '2022-04-06 00:08:59', '2022-04-06 00:08:59'),
(383, 5, '2022-04-18', '12:00', 10.50, '2022-04-06 00:08:59', '2022-04-06 00:08:59'),
(384, 5, '2022-04-18', '12:20', 10.50, '2022-04-06 00:08:59', '2022-04-06 00:08:59'),
(385, 5, '2022-04-18', '12:40', 10.50, '2022-04-06 00:08:59', '2022-04-06 00:08:59'),
(386, 5, '2022-04-18', '13:00', 10.50, '2022-04-06 00:08:59', '2022-04-06 00:08:59'),
(387, 5, '2022-04-18', '13:20', 10.50, '2022-04-06 00:08:59', '2022-04-06 00:08:59'),
(388, 5, '2022-04-18', '13:40', 10.50, '2022-04-06 00:08:59', '2022-04-06 00:08:59'),
(389, 5, '2022-04-18', '14:00', 10.50, '2022-04-06 00:08:59', '2022-04-06 00:08:59'),
(390, 5, '2022-04-18', '14:20', 10.50, '2022-04-06 00:08:59', '2022-04-06 00:08:59'),
(391, 5, '2022-04-18', '14:40', 10.50, '2022-04-06 00:08:59', '2022-04-06 00:08:59'),
(392, 5, '2022-04-18', '15:00', 10.50, '2022-04-06 00:08:59', '2022-04-06 00:08:59'),
(393, 5, '2022-04-18', '15:20', 10.50, '2022-04-06 00:08:59', '2022-04-06 00:08:59'),
(394, 5, '2022-04-18', '15:40', 10.50, '2022-04-06 00:08:59', '2022-04-06 00:08:59'),
(395, 5, '2022-04-18', '16:00', 10.50, '2022-04-06 00:08:59', '2022-04-06 00:08:59'),
(396, 5, '2022-04-18', '16:20', 10.50, '2022-04-06 00:08:59', '2022-04-06 00:08:59'),
(397, 5, '2022-04-18', '16:40', 10.50, '2022-04-06 00:08:59', '2022-04-06 00:08:59'),
(398, 5, '2022-04-18', '17:00', 10.50, '2022-04-06 00:08:59', '2022-04-06 00:08:59'),
(399, 5, '2022-04-18', '17:20', 10.50, '2022-04-06 00:08:59', '2022-04-06 00:08:59'),
(400, 5, '2022-04-18', '17:40', 10.50, '2022-04-06 00:08:59', '2022-04-06 00:08:59'),
(401, 5, '2022-04-18', '18:00', 10.50, '2022-04-06 00:08:59', '2022-04-06 00:08:59'),
(402, 5, '2022-04-18', '18:20', 10.50, '2022-04-06 00:08:59', '2022-04-06 00:08:59'),
(403, 5, '2022-04-18', '18:40', 10.50, '2022-04-06 00:08:59', '2022-04-06 00:08:59'),
(404, 5, '2022-04-18', '19:00', 10.50, '2022-04-06 00:08:59', '2022-04-06 00:08:59'),
(405, 5, '2022-04-18', '19:20', 10.50, '2022-04-06 00:08:59', '2022-04-06 00:08:59'),
(406, 5, '2022-04-18', '19:40', 10.50, '2022-04-06 00:08:59', '2022-04-06 00:08:59'),
(407, 5, '2022-04-18', '20:00', 10.50, '2022-04-06 00:08:59', '2022-04-06 00:08:59'),
(408, 5, '2022-04-19', '10:00', 10.50, '2022-04-06 00:08:59', '2022-04-06 00:08:59'),
(409, 5, '2022-04-19', '10:20', 10.50, '2022-04-06 00:08:59', '2022-04-06 00:08:59'),
(410, 5, '2022-04-19', '10:40', 10.50, '2022-04-06 00:08:59', '2022-04-06 00:08:59'),
(411, 5, '2022-04-19', '11:00', 10.50, '2022-04-06 00:08:59', '2022-04-06 00:08:59'),
(412, 5, '2022-04-19', '11:20', 10.50, '2022-04-06 00:08:59', '2022-04-06 00:08:59'),
(413, 5, '2022-04-19', '11:40', 10.50, '2022-04-06 00:08:59', '2022-04-06 00:08:59'),
(414, 5, '2022-04-19', '12:00', 10.50, '2022-04-06 00:08:59', '2022-04-06 00:08:59'),
(415, 5, '2022-04-19', '12:20', 10.50, '2022-04-06 00:08:59', '2022-04-06 00:08:59'),
(416, 5, '2022-04-19', '12:40', 10.50, '2022-04-06 00:08:59', '2022-04-06 00:08:59'),
(417, 5, '2022-04-19', '13:00', 10.50, '2022-04-06 00:08:59', '2022-04-06 00:08:59'),
(418, 5, '2022-04-19', '13:20', 10.50, '2022-04-06 00:08:59', '2022-04-06 00:08:59'),
(419, 5, '2022-04-19', '13:40', 10.50, '2022-04-06 00:08:59', '2022-04-06 00:08:59'),
(420, 5, '2022-04-19', '14:00', 10.50, '2022-04-06 00:08:59', '2022-04-06 00:08:59'),
(421, 5, '2022-04-19', '14:20', 10.50, '2022-04-06 00:08:59', '2022-04-06 00:08:59'),
(422, 5, '2022-04-19', '14:40', 10.50, '2022-04-06 00:08:59', '2022-04-06 00:08:59'),
(423, 5, '2022-04-19', '15:00', 10.50, '2022-04-06 00:08:59', '2022-04-06 00:08:59'),
(424, 5, '2022-04-19', '15:20', 10.50, '2022-04-06 00:08:59', '2022-04-06 00:08:59'),
(425, 5, '2022-04-19', '15:40', 10.50, '2022-04-06 00:08:59', '2022-04-06 00:08:59'),
(426, 5, '2022-04-19', '16:00', 10.50, '2022-04-06 00:08:59', '2022-04-06 00:08:59'),
(427, 5, '2022-04-19', '16:20', 10.50, '2022-04-06 00:08:59', '2022-04-06 00:08:59'),
(428, 5, '2022-04-19', '16:40', 10.50, '2022-04-06 00:08:59', '2022-04-06 00:08:59'),
(429, 5, '2022-04-19', '17:00', 10.50, '2022-04-06 00:08:59', '2022-04-06 00:08:59'),
(430, 5, '2022-04-19', '17:20', 10.50, '2022-04-06 00:08:59', '2022-04-06 00:08:59'),
(431, 5, '2022-04-19', '17:40', 10.50, '2022-04-06 00:08:59', '2022-04-06 00:08:59'),
(432, 5, '2022-04-19', '18:00', 10.50, '2022-04-06 00:08:59', '2022-04-06 00:08:59'),
(433, 5, '2022-04-19', '18:20', 10.50, '2022-04-06 00:08:59', '2022-04-06 00:08:59'),
(434, 5, '2022-04-19', '18:40', 10.50, '2022-04-06 00:08:59', '2022-04-06 00:08:59'),
(435, 5, '2022-04-19', '19:00', 10.50, '2022-04-06 00:08:59', '2022-04-06 00:08:59'),
(436, 5, '2022-04-19', '19:20', 10.50, '2022-04-06 00:08:59', '2022-04-06 00:08:59'),
(437, 5, '2022-04-19', '19:40', 10.50, '2022-04-06 00:08:59', '2022-04-06 00:08:59'),
(438, 5, '2022-04-19', '20:00', 10.50, '2022-04-06 00:08:59', '2022-04-06 00:08:59'),
(1566, 9, '2022-04-09', '08:00', 120.00, '2022-04-08 00:13:03', '2022-04-08 00:13:03'),
(1567, 9, '2022-04-09', '08:10', 120.00, '2022-04-08 00:13:03', '2022-04-08 00:13:03'),
(1568, 9, '2022-04-09', '08:20', 120.00, '2022-04-08 00:13:03', '2022-04-08 00:13:03'),
(1569, 9, '2022-04-09', '08:30', 120.00, '2022-04-08 00:13:03', '2022-04-08 00:13:03'),
(1570, 9, '2022-04-09', '08:40', 120.00, '2022-04-08 00:13:03', '2022-04-08 00:13:03'),
(1571, 9, '2022-04-09', '08:50', 120.00, '2022-04-08 00:13:03', '2022-04-08 00:13:03'),
(1572, 9, '2022-04-09', '09:00', 120.00, '2022-04-08 00:13:03', '2022-04-08 00:13:03'),
(1573, 9, '2022-04-09', '09:10', 120.00, '2022-04-08 00:13:03', '2022-04-08 00:13:03'),
(1574, 9, '2022-04-09', '09:20', 120.00, '2022-04-08 00:13:03', '2022-04-08 00:13:03'),
(1575, 9, '2022-04-09', '09:30', 120.00, '2022-04-08 00:13:03', '2022-04-08 00:13:03'),
(1576, 9, '2022-04-09', '09:40', 120.00, '2022-04-08 00:13:03', '2022-04-08 00:13:03'),
(1577, 9, '2022-04-09', '09:50', 120.00, '2022-04-08 00:13:03', '2022-04-08 00:13:03'),
(1578, 9, '2022-04-09', '10:00', 120.00, '2022-04-08 00:13:03', '2022-04-08 00:13:03'),
(1579, 9, '2022-04-09', '10:10', 120.00, '2022-04-08 00:13:03', '2022-04-08 00:13:03'),
(1580, 9, '2022-04-09', '10:20', 120.00, '2022-04-08 00:13:03', '2022-04-08 00:13:03'),
(1581, 9, '2022-04-09', '10:30', 120.00, '2022-04-08 00:13:03', '2022-04-08 00:13:03'),
(1582, 9, '2022-04-09', '10:40', 120.00, '2022-04-08 00:13:03', '2022-04-08 00:13:03'),
(1583, 9, '2022-04-09', '10:50', 120.00, '2022-04-08 00:13:03', '2022-04-08 00:13:03'),
(1584, 9, '2022-04-09', '11:00', 120.00, '2022-04-08 00:13:03', '2022-04-08 00:13:03'),
(1585, 9, '2022-04-09', '11:10', 120.00, '2022-04-08 00:13:03', '2022-04-08 00:13:03'),
(1586, 9, '2022-04-09', '11:20', 120.00, '2022-04-08 00:13:03', '2022-04-08 00:13:03'),
(1587, 9, '2022-04-09', '11:30', 120.00, '2022-04-08 00:13:03', '2022-04-08 00:13:03'),
(1588, 9, '2022-04-09', '11:40', 120.00, '2022-04-08 00:13:03', '2022-04-08 00:13:03'),
(1589, 9, '2022-04-09', '11:50', 120.00, '2022-04-08 00:13:03', '2022-04-08 00:13:03'),
(1590, 9, '2022-04-09', '12:00', 120.00, '2022-04-08 00:13:03', '2022-04-08 00:13:03'),
(1591, 9, '2022-04-09', '12:10', 120.00, '2022-04-08 00:13:03', '2022-04-08 00:13:03'),
(1592, 9, '2022-04-09', '12:20', 120.00, '2022-04-08 00:13:03', '2022-04-08 00:13:03'),
(1593, 9, '2022-04-09', '12:30', 120.00, '2022-04-08 00:13:03', '2022-04-08 00:13:03'),
(1594, 9, '2022-04-09', '12:40', 120.00, '2022-04-08 00:13:03', '2022-04-08 00:13:03'),
(1595, 9, '2022-04-09', '12:50', 120.00, '2022-04-08 00:13:03', '2022-04-08 00:13:03'),
(1596, 9, '2022-04-09', '13:00', 120.00, '2022-04-08 00:13:03', '2022-04-08 00:13:03'),
(1597, 9, '2022-04-09', '13:10', 120.00, '2022-04-08 00:13:03', '2022-04-08 00:13:03'),
(1598, 9, '2022-04-09', '13:20', 120.00, '2022-04-08 00:13:03', '2022-04-08 00:13:03'),
(1599, 9, '2022-04-09', '13:30', 120.00, '2022-04-08 00:13:03', '2022-04-08 00:13:03'),
(1600, 9, '2022-04-09', '13:40', 120.00, '2022-04-08 00:13:03', '2022-04-08 00:13:03'),
(1601, 9, '2022-04-09', '13:50', 120.00, '2022-04-08 00:13:03', '2022-04-08 00:13:03'),
(1602, 9, '2022-04-09', '14:00', 120.00, '2022-04-08 00:13:03', '2022-04-08 00:13:03'),
(1603, 9, '2022-04-09', '14:10', 120.00, '2022-04-08 00:13:03', '2022-04-08 00:13:03'),
(1604, 9, '2022-04-09', '14:20', 120.00, '2022-04-08 00:13:03', '2022-04-08 00:13:03'),
(1605, 9, '2022-04-09', '14:30', 120.00, '2022-04-08 00:13:03', '2022-04-08 00:13:03'),
(1606, 9, '2022-04-09', '14:40', 120.00, '2022-04-08 00:13:03', '2022-04-08 00:13:03'),
(1607, 9, '2022-04-09', '14:50', 120.00, '2022-04-08 00:13:03', '2022-04-08 00:13:03'),
(1608, 9, '2022-04-09', '15:00', 120.00, '2022-04-08 00:13:03', '2022-04-08 00:13:03'),
(1609, 9, '2022-04-09', '15:10', 120.00, '2022-04-08 00:13:03', '2022-04-08 00:13:03'),
(1610, 9, '2022-04-09', '15:20', 120.00, '2022-04-08 00:13:03', '2022-04-08 00:13:03'),
(1611, 9, '2022-04-09', '15:30', 120.00, '2022-04-08 00:13:03', '2022-04-08 00:13:03'),
(1612, 9, '2022-04-09', '15:40', 120.00, '2022-04-08 00:13:03', '2022-04-08 00:13:03'),
(1613, 9, '2022-04-09', '15:50', 120.00, '2022-04-08 00:13:03', '2022-04-08 00:13:03'),
(1614, 9, '2022-04-09', '16:00', 120.00, '2022-04-08 00:13:03', '2022-04-08 00:13:03'),
(1615, 9, '2022-04-10', '08:00', 120.00, '2022-04-08 00:14:01', '2022-04-08 00:14:01'),
(1616, 9, '2022-04-10', '08:10', 120.00, '2022-04-08 00:14:01', '2022-04-08 00:14:01'),
(1617, 9, '2022-04-10', '08:20', 120.00, '2022-04-08 00:14:01', '2022-04-08 00:14:01'),
(1618, 9, '2022-04-10', '08:30', 120.00, '2022-04-08 00:14:01', '2022-04-08 00:14:01'),
(1619, 9, '2022-04-10', '08:40', 120.00, '2022-04-08 00:14:01', '2022-04-08 00:14:01'),
(1620, 9, '2022-04-10', '08:50', 120.00, '2022-04-08 00:14:01', '2022-04-08 00:14:01'),
(1621, 9, '2022-04-10', '09:00', 120.00, '2022-04-08 00:14:01', '2022-04-08 00:14:01'),
(1622, 9, '2022-04-10', '09:10', 120.00, '2022-04-08 00:14:01', '2022-04-08 00:14:01'),
(1623, 9, '2022-04-10', '09:20', 120.00, '2022-04-08 00:14:01', '2022-04-08 00:14:01'),
(1624, 9, '2022-04-10', '09:30', 120.00, '2022-04-08 00:14:01', '2022-04-08 00:14:01'),
(1625, 9, '2022-04-10', '09:40', 120.00, '2022-04-08 00:14:01', '2022-04-08 00:14:01'),
(1626, 9, '2022-04-10', '09:50', 120.00, '2022-04-08 00:14:01', '2022-04-08 00:14:01'),
(1627, 9, '2022-04-10', '10:00', 120.00, '2022-04-08 00:14:01', '2022-04-08 00:14:01'),
(1628, 9, '2022-04-10', '10:10', 120.00, '2022-04-08 00:14:01', '2022-04-08 00:14:01'),
(1629, 9, '2022-04-10', '10:20', 120.00, '2022-04-08 00:14:01', '2022-04-08 00:14:01'),
(1630, 9, '2022-04-10', '10:30', 120.00, '2022-04-08 00:14:01', '2022-04-08 00:14:01'),
(1631, 9, '2022-04-10', '10:40', 120.00, '2022-04-08 00:14:01', '2022-04-08 00:14:01'),
(1632, 9, '2022-04-10', '10:50', 120.00, '2022-04-08 00:14:01', '2022-04-08 00:14:01'),
(1633, 9, '2022-04-10', '11:00', 120.00, '2022-04-08 00:14:01', '2022-04-08 00:14:01'),
(1634, 9, '2022-04-10', '11:10', 120.00, '2022-04-08 00:14:01', '2022-04-08 00:14:01'),
(1635, 9, '2022-04-10', '11:20', 120.00, '2022-04-08 00:14:01', '2022-04-08 00:14:01'),
(1636, 9, '2022-04-10', '11:30', 120.00, '2022-04-08 00:14:01', '2022-04-08 00:14:01'),
(1637, 9, '2022-04-10', '11:40', 120.00, '2022-04-08 00:14:01', '2022-04-08 00:14:01'),
(1638, 9, '2022-04-10', '11:50', 120.00, '2022-04-08 00:14:01', '2022-04-08 00:14:01'),
(1639, 9, '2022-04-10', '12:00', 120.00, '2022-04-08 00:14:01', '2022-04-08 00:14:01'),
(1640, 9, '2022-04-10', '12:10', 120.00, '2022-04-08 00:14:01', '2022-04-08 00:14:01'),
(1641, 9, '2022-04-10', '12:20', 120.00, '2022-04-08 00:14:01', '2022-04-08 00:14:01'),
(1642, 9, '2022-04-10', '12:30', 120.00, '2022-04-08 00:14:01', '2022-04-08 00:14:01'),
(1643, 9, '2022-04-10', '12:40', 120.00, '2022-04-08 00:14:01', '2022-04-08 00:14:01'),
(1644, 9, '2022-04-10', '12:50', 120.00, '2022-04-08 00:14:01', '2022-04-08 00:14:01'),
(1645, 9, '2022-04-10', '13:00', 120.00, '2022-04-08 00:14:01', '2022-04-08 00:14:01'),
(1646, 9, '2022-04-10', '13:10', 120.00, '2022-04-08 00:14:01', '2022-04-08 00:14:01'),
(1647, 9, '2022-04-10', '13:20', 120.00, '2022-04-08 00:14:01', '2022-04-08 00:14:01'),
(1648, 9, '2022-04-10', '13:30', 120.00, '2022-04-08 00:14:01', '2022-04-08 00:14:01'),
(1649, 9, '2022-04-10', '13:40', 120.00, '2022-04-08 00:14:01', '2022-04-08 00:14:01'),
(1650, 9, '2022-04-10', '13:50', 120.00, '2022-04-08 00:14:01', '2022-04-08 00:14:01'),
(1651, 9, '2022-04-10', '14:00', 120.00, '2022-04-08 00:14:01', '2022-04-08 00:14:01'),
(1652, 9, '2022-04-10', '14:10', 120.00, '2022-04-08 00:14:01', '2022-04-08 00:14:01'),
(1653, 9, '2022-04-10', '14:20', 120.00, '2022-04-08 00:14:01', '2022-04-08 00:14:01'),
(1654, 9, '2022-04-10', '14:30', 120.00, '2022-04-08 00:14:01', '2022-04-08 00:14:01'),
(1655, 9, '2022-04-10', '14:40', 120.00, '2022-04-08 00:14:01', '2022-04-08 00:14:01'),
(1656, 9, '2022-04-10', '14:50', 120.00, '2022-04-08 00:14:01', '2022-04-08 00:14:01'),
(1657, 9, '2022-04-10', '15:00', 120.00, '2022-04-08 00:14:01', '2022-04-08 00:14:01'),
(1658, 9, '2022-04-10', '15:10', 120.00, '2022-04-08 00:14:01', '2022-04-08 00:14:01'),
(1659, 9, '2022-04-10', '15:20', 120.00, '2022-04-08 00:14:01', '2022-04-08 00:14:01'),
(1660, 9, '2022-04-10', '15:30', 120.00, '2022-04-08 00:14:01', '2022-04-08 00:14:01'),
(1661, 9, '2022-04-10', '15:40', 120.00, '2022-04-08 00:14:01', '2022-04-08 00:14:01'),
(1662, 9, '2022-04-10', '15:50', 120.00, '2022-04-08 00:14:01', '2022-04-08 00:14:01'),
(1663, 9, '2022-04-10', '16:00', 120.00, '2022-04-08 00:14:01', '2022-04-08 00:14:01'),
(1664, 5, '2022-04-10', '10:00', 10.50, '2022-04-08 22:59:19', '2022-04-08 22:59:19'),
(1665, 5, '2022-04-10', '10:20', 10.50, '2022-04-08 22:59:19', '2022-04-08 22:59:19'),
(1666, 5, '2022-04-10', '10:40', 10.50, '2022-04-08 22:59:20', '2022-04-08 22:59:20'),
(1667, 5, '2022-04-10', '11:00', 10.50, '2022-04-08 22:59:20', '2022-04-08 22:59:20'),
(1668, 5, '2022-04-10', '11:20', 10.50, '2022-04-08 22:59:20', '2022-04-08 22:59:20'),
(1669, 5, '2022-04-10', '11:40', 10.50, '2022-04-08 22:59:20', '2022-04-08 22:59:20'),
(1670, 5, '2022-04-10', '12:00', 10.50, '2022-04-08 22:59:20', '2022-04-08 22:59:20'),
(1671, 5, '2022-04-10', '12:20', 10.50, '2022-04-08 22:59:20', '2022-04-08 22:59:20'),
(1672, 5, '2022-04-10', '12:40', 10.50, '2022-04-08 22:59:20', '2022-04-08 22:59:20'),
(1673, 5, '2022-04-10', '13:00', 10.50, '2022-04-08 22:59:20', '2022-04-08 22:59:20'),
(1674, 5, '2022-04-10', '13:20', 10.50, '2022-04-08 22:59:20', '2022-04-08 22:59:20'),
(1675, 5, '2022-04-10', '13:40', 10.50, '2022-04-08 22:59:20', '2022-04-08 22:59:20'),
(1676, 5, '2022-04-10', '14:00', 10.50, '2022-04-08 22:59:20', '2022-04-08 22:59:20'),
(1677, 5, '2022-04-10', '14:20', 10.50, '2022-04-08 22:59:20', '2022-04-08 22:59:20'),
(1678, 5, '2022-04-10', '14:40', 10.50, '2022-04-08 22:59:20', '2022-04-08 22:59:20'),
(1679, 5, '2022-04-10', '15:00', 10.50, '2022-04-08 22:59:20', '2022-04-08 22:59:20'),
(1680, 5, '2022-04-10', '15:20', 10.50, '2022-04-08 22:59:20', '2022-04-08 22:59:20'),
(1681, 5, '2022-04-10', '15:40', 10.50, '2022-04-08 22:59:20', '2022-04-08 22:59:20'),
(1682, 5, '2022-04-10', '16:00', 10.50, '2022-04-08 22:59:20', '2022-04-08 22:59:20'),
(1683, 5, '2022-04-10', '16:20', 10.50, '2022-04-08 22:59:20', '2022-04-08 22:59:20'),
(1684, 5, '2022-04-10', '16:40', 10.50, '2022-04-08 22:59:20', '2022-04-08 22:59:20'),
(1685, 5, '2022-04-10', '17:00', 10.50, '2022-04-08 22:59:20', '2022-04-08 22:59:20'),
(1686, 5, '2022-04-10', '17:20', 10.50, '2022-04-08 22:59:20', '2022-04-08 22:59:20'),
(1687, 5, '2022-04-10', '17:40', 10.50, '2022-04-08 22:59:20', '2022-04-08 22:59:20'),
(1688, 5, '2022-04-10', '18:00', 10.50, '2022-04-08 22:59:20', '2022-04-08 22:59:20'),
(1689, 5, '2022-04-10', '18:20', 10.50, '2022-04-08 22:59:20', '2022-04-08 22:59:20'),
(1690, 5, '2022-04-10', '18:40', 10.50, '2022-04-08 22:59:20', '2022-04-08 22:59:20'),
(1691, 5, '2022-04-10', '19:00', 10.50, '2022-04-08 22:59:20', '2022-04-08 22:59:20'),
(1692, 5, '2022-04-10', '19:20', 10.50, '2022-04-08 22:59:20', '2022-04-08 22:59:20'),
(1693, 5, '2022-04-10', '19:40', 10.50, '2022-04-08 22:59:20', '2022-04-08 22:59:20'),
(1694, 5, '2022-04-10', '20:00', 10.50, '2022-04-08 22:59:20', '2022-04-08 22:59:20');

-- --------------------------------------------------------

--
-- Table structure for table `failed_jobs`
--

CREATE TABLE `failed_jobs` (
  `id` bigint(20) UNSIGNED NOT NULL,
  `uuid` varchar(255) COLLATE utf8mb4_unicode_ci NOT NULL,
  `connection` text COLLATE utf8mb4_unicode_ci NOT NULL,
  `queue` text COLLATE utf8mb4_unicode_ci NOT NULL,
  `payload` longtext COLLATE utf8mb4_unicode_ci NOT NULL,
  `exception` longtext COLLATE utf8mb4_unicode_ci NOT NULL,
  `failed_at` timestamp NOT NULL DEFAULT current_timestamp()
) ENGINE=InnoDB DEFAULT CHARSET=utf8mb4 COLLATE=utf8mb4_unicode_ci;

-- --------------------------------------------------------

--
-- Table structure for table `migrations`
--

CREATE TABLE `migrations` (
  `id` int(10) UNSIGNED NOT NULL,
  `migration` varchar(255) COLLATE utf8mb4_unicode_ci NOT NULL,
  `batch` int(11) NOT NULL
) ENGINE=InnoDB DEFAULT CHARSET=utf8mb4 COLLATE=utf8mb4_unicode_ci;

-- --------------------------------------------------------

--
-- Table structure for table `model_has_permissions`
--

CREATE TABLE `model_has_permissions` (
  `permission_id` bigint(20) UNSIGNED NOT NULL,
  `model_type` varchar(255) COLLATE utf8mb4_unicode_ci NOT NULL,
  `model_id` bigint(20) UNSIGNED NOT NULL
) ENGINE=InnoDB DEFAULT CHARSET=utf8mb4 COLLATE=utf8mb4_unicode_ci;

--
-- Dumping data for table `model_has_permissions`
--

INSERT INTO `model_has_permissions` (`permission_id`, `model_type`, `model_id`) VALUES
(19, 'App\\Models\\User', 5),
(19, 'App\\Models\\User', 7),
(19, 'App\\Models\\User', 8);

-- --------------------------------------------------------

--
-- Table structure for table `model_has_roles`
--

CREATE TABLE `model_has_roles` (
  `role_id` bigint(20) UNSIGNED NOT NULL,
  `model_type` varchar(255) COLLATE utf8mb4_unicode_ci NOT NULL,
  `model_id` bigint(20) UNSIGNED NOT NULL
) ENGINE=InnoDB DEFAULT CHARSET=utf8mb4 COLLATE=utf8mb4_unicode_ci;

--
-- Dumping data for table `model_has_roles`
--

INSERT INTO `model_has_roles` (`role_id`, `model_type`, `model_id`) VALUES
(1, 'App\\Models\\User', 1),
(1, 'App\\Models\\User', 3),
(2, 'App\\Models\\User', 1),
(2, 'App\\Models\\User', 2),
(2, 'App\\Models\\User', 3),
(2, 'App\\Models\\User', 4),
(2, 'App\\Models\\User', 20),
(2, 'App\\Models\\User', 21),
(5, 'App\\Models\\User', 5),
(5, 'App\\Models\\User', 6),
(5, 'App\\Models\\User', 7),
(5, 'App\\Models\\User', 8),
(5, 'App\\Models\\User', 9);

-- --------------------------------------------------------

--
-- Table structure for table `password_resets`
--

CREATE TABLE `password_resets` (
  `email` varchar(255) COLLATE utf8mb4_unicode_ci NOT NULL,
  `token` varchar(255) COLLATE utf8mb4_unicode_ci NOT NULL,
  `created_at` timestamp NULL DEFAULT NULL
) ENGINE=InnoDB DEFAULT CHARSET=utf8mb4 COLLATE=utf8mb4_unicode_ci;

-- --------------------------------------------------------

--
-- Table structure for table `permissions`
--

CREATE TABLE `permissions` (
  `id` bigint(20) UNSIGNED NOT NULL,
  `name` varchar(255) COLLATE utf8mb4_unicode_ci NOT NULL,
  `guard_name` varchar(255) COLLATE utf8mb4_unicode_ci NOT NULL,
  `created_at` timestamp NULL DEFAULT NULL,
  `updated_at` timestamp NULL DEFAULT NULL
) ENGINE=InnoDB DEFAULT CHARSET=utf8mb4 COLLATE=utf8mb4_unicode_ci;

--
-- Dumping data for table `permissions`
--

INSERT INTO `permissions` (`id`, `name`, `guard_name`, `created_at`, `updated_at`) VALUES
(1, 'role-list', 'web', '2021-10-08 03:38:44', '2021-10-08 03:38:44'),
(2, 'role-create', 'web', '2021-10-08 03:38:44', '2021-10-08 03:38:44'),
(3, 'role-delete', 'web', '2021-10-08 03:38:44', '2021-10-08 03:38:44'),
(4, 'role-edit', 'web', '2021-10-08 03:38:44', '2021-10-08 03:38:44'),
(5, 'permission-list', 'web', '2021-10-08 03:38:44', '2021-10-08 03:38:44'),
(6, 'permission-create', 'web', '2021-10-08 03:38:44', '2021-10-08 03:38:44'),
(7, 'permission-delete', 'web', '2021-10-08 03:38:44', '2021-10-08 03:38:44'),
(8, 'permission-edit', 'web', '2021-10-08 03:38:44', '2021-10-08 03:38:44'),
(12, 'user-list', 'web', '2021-10-08 04:45:06', '2021-10-08 04:45:06'),
(13, 'user-create', 'web', '2021-10-08 04:45:11', '2021-10-08 04:45:11'),
(14, 'user-edit', 'web', '2021-10-08 04:45:19', '2021-10-08 04:45:19'),
(15, 'user-delete', 'web', '2021-10-08 04:45:24', '2021-10-08 04:45:24'),
(19, 'booking-setup-slots', 'web', '2022-04-05 00:20:40', '2022-04-05 00:37:58'),
(20, 'booking-list', 'web', '2022-04-05 00:30:45', '2022-04-05 00:37:51'),
(21, 'appointment-list-user', 'web', '2022-04-06 00:27:04', '2022-04-06 00:27:04'),
(22, 'appointment-book', 'web', '2022-04-06 00:27:22', '2022-04-06 00:27:22');

-- --------------------------------------------------------

--
-- Table structure for table `personal_access_tokens`
--

CREATE TABLE `personal_access_tokens` (
  `id` bigint(20) UNSIGNED NOT NULL,
  `tokenable_type` varchar(255) COLLATE utf8mb4_unicode_ci NOT NULL,
  `tokenable_id` bigint(20) UNSIGNED NOT NULL,
  `name` varchar(255) COLLATE utf8mb4_unicode_ci NOT NULL,
  `token` varchar(64) COLLATE utf8mb4_unicode_ci NOT NULL,
  `abilities` text COLLATE utf8mb4_unicode_ci DEFAULT NULL,
  `last_used_at` timestamp NULL DEFAULT NULL,
  `created_at` timestamp NULL DEFAULT NULL,
  `updated_at` timestamp NULL DEFAULT NULL
) ENGINE=InnoDB DEFAULT CHARSET=utf8mb4 COLLATE=utf8mb4_unicode_ci;

-- --------------------------------------------------------

--
-- Table structure for table `roles`
--

CREATE TABLE `roles` (
  `id` bigint(20) UNSIGNED NOT NULL,
  `name` varchar(255) COLLATE utf8mb4_unicode_ci NOT NULL,
  `guard_name` varchar(255) COLLATE utf8mb4_unicode_ci NOT NULL,
  `created_at` timestamp NULL DEFAULT NULL,
  `updated_at` timestamp NULL DEFAULT NULL
) ENGINE=InnoDB DEFAULT CHARSET=utf8mb4 COLLATE=utf8mb4_unicode_ci;

--
-- Dumping data for table `roles`
--

INSERT INTO `roles` (`id`, `name`, `guard_name`, `created_at`, `updated_at`) VALUES
(1, 'Admin', 'web', '2021-10-08 03:31:02', '2021-10-08 03:31:02'),
(2, 'Registered', 'web', '2021-10-08 03:31:02', '2021-10-08 03:31:02'),
(5, 'Booking', 'web', '2021-10-09 11:46:33', '2022-04-05 00:38:48');

-- --------------------------------------------------------

--
-- Table structure for table `role_has_permissions`
--

CREATE TABLE `role_has_permissions` (
  `permission_id` bigint(20) UNSIGNED NOT NULL,
  `role_id` bigint(20) UNSIGNED NOT NULL
) ENGINE=InnoDB DEFAULT CHARSET=utf8mb4 COLLATE=utf8mb4_unicode_ci;

--
-- Dumping data for table `role_has_permissions`
--

INSERT INTO `role_has_permissions` (`permission_id`, `role_id`) VALUES
(1, 1),
(2, 1),
(3, 1),
(4, 1),
(5, 1),
(6, 1),
(7, 1),
(8, 1),
(12, 1),
(12, 5),
(13, 1),
(13, 5),
(14, 1),
(14, 5),
(15, 1),
(15, 5),
(19, 5),
(20, 5),
(21, 2),
(22, 2);

-- --------------------------------------------------------

--
-- Table structure for table `users`
--

CREATE TABLE `users` (
  `id` bigint(20) UNSIGNED NOT NULL,
  `name` varchar(255) COLLATE utf8mb4_unicode_ci NOT NULL,
  `email` varchar(255) COLLATE utf8mb4_unicode_ci NOT NULL,
  `email_verified_at` timestamp NULL DEFAULT NULL,
  `password` varchar(255) COLLATE utf8mb4_unicode_ci NOT NULL,
  `remember_token` varchar(100) COLLATE utf8mb4_unicode_ci DEFAULT NULL,
  `created_at` timestamp NULL DEFAULT NULL,
  `updated_at` timestamp NULL DEFAULT NULL
) ENGINE=InnoDB DEFAULT CHARSET=utf8mb4 COLLATE=utf8mb4_unicode_ci;

--
-- Dumping data for table `users`
--

INSERT INTO `users` (`id`, `name`, `email`, `email_verified_at`, `password`, `remember_token`, `created_at`, `updated_at`) VALUES
(1, 'Administrator', 'admin@localhost.com', NULL, '$2y$10$2QfoLNvfuneKGwgCwZ4q/OBH3BDwjcq/SPazfuPGHkX3hUZpr2Rv2', NULL, '2021-10-08 01:25:08', '2021-10-08 01:25:08'),
(2, 'test1', 'test1@localhost.com', NULL, '$2y$10$G7WrLWqPri93sh.gOFT2eOpwmjo8UqUifgmjPyEloJF6z.KKUyvW6', NULL, '2021-10-08 05:27:16', '2021-10-08 05:27:16'),
(3, 'test2', 'test2@localhost.com', NULL, '$2y$10$uttz32Uz6O9q27CDdupRX.i9XYf2vGzdQNULhKB6h5WHA0KOGxCH2', NULL, '2021-10-08 05:27:32', '2021-10-09 11:14:45'),
(5, 'Doctor One', 'doctor1@localhost.com', NULL, '$2y$10$.Cka4NiCXONvgCD/oKg1yeXpi0KedD6cFJJ0f9lZkiEyReu7QOtAy', NULL, '2022-04-05 00:21:24', '2022-04-05 00:21:24'),
(6, 'Doctor Two', 'doctor2@localhost.com', NULL, '$2y$10$Mj9qkkzn75mECjBr5c3lL.op2PjEYDywILO1/1x0lbzL7gbXdBdIC', NULL, '2022-04-05 00:23:06', '2022-04-05 00:23:06'),
(7, 'Doctor Three', 'doctor3@localhost.com', NULL, '$2y$10$RpfP8HUavw42urVTjIr23.Wk2xHvV61xHQAfaqRMaAeiObE1o7zcO', NULL, '2022-04-05 00:25:12', '2022-04-05 00:25:12'),
(8, 'Doctor Four', 'doctor4@localhost.com', NULL, '$2y$10$zLV0TisUsYGUuwCRXm8.Ve7WTkGigaJdyxShK1hGPGlwX5yZARumu', NULL, '2022-04-05 00:26:19', '2022-04-05 00:26:19'),
(9, 'Lawyer One', 'lawyer1@localhost.com', NULL, '$2y$10$Z1tVFkA/Fv1nzlJuyQC3VepH58kkX0RHQznvYxKS0ukupIqmV/kBa', NULL, '2022-04-08 00:04:56', '2022-04-08 00:04:56'),
(16, 'test three', 'test3@localhost.com', NULL, '$2y$10$.eVq6pWdNsoIHfSwoADRQe9Np3f0K1lJ0ZoY8/zpFnQxJfXaIRCsW', NULL, '2022-04-08 21:08:55', '2022-04-08 21:08:55'),
(17, 'test tour', 'test4@localhost.com', NULL, '$2y$10$zH/ao1tn6OW3d86LXVuNIugoC4KRll9YF650CRttX5M2jI5CEEdBO', NULL, '2022-04-08 21:11:33', '2022-04-08 21:11:33'),
(18, 'test five', 'test5@localhost.com', NULL, '$2y$10$6R7OwIXFrHyBkY1uUPxfgOHwEeuuaoVGQyYEnfjP2DbS.ZU2uIqb.', NULL, '2022-04-08 21:12:50', '2022-04-08 21:12:50'),
(20, 'test six', 'test6@localhost.com', NULL, '$2y$10$.bowxy48DtqF6VGnLeWbAOtrG35wUwP2kd84NzzlHrLsngWkEcQli', NULL, '2022-04-08 21:18:48', '2022-04-08 21:18:48'),
(21, 'test seven', 'test7@localhost.com', NULL, '$2y$10$RDTSYGRrnmpzaWa9pVgpq.e52CMP7Hx4Q1ymkbK72m8V0Kbrci/2O', NULL, '2022-04-10 03:20:13', '2022-04-10 03:20:13');

--
-- Indexes for dumped tables
--

--
-- Indexes for table `bookings`
--
ALTER TABLE `bookings`
  ADD PRIMARY KEY (`id`),
  ADD KEY `bookings_user_id_foreign` (`user_id`),
  ADD KEY `bookings_booked_by_foreign` (`booked_by`);

--
-- Indexes for table `booking_settings`
--
ALTER TABLE `booking_settings`
  ADD PRIMARY KEY (`id`),
  ADD KEY `booking_settings_user_id_foreign` (`user_id`);

--
-- Indexes for table `booking_slots`
--
ALTER TABLE `booking_slots`
  ADD PRIMARY KEY (`id`),
  ADD KEY `booking_slots_user_id_foreign` (`user_id`);

--
-- Indexes for table `failed_jobs`
--
ALTER TABLE `failed_jobs`
  ADD PRIMARY KEY (`id`),
  ADD UNIQUE KEY `failed_jobs_uuid_unique` (`uuid`);

--
-- Indexes for table `migrations`
--
ALTER TABLE `migrations`
  ADD PRIMARY KEY (`id`);

--
-- Indexes for table `model_has_permissions`
--
ALTER TABLE `model_has_permissions`
  ADD PRIMARY KEY (`permission_id`,`model_id`,`model_type`),
  ADD KEY `model_has_permissions_model_id_model_type_index` (`model_id`,`model_type`);

--
-- Indexes for table `model_has_roles`
--
ALTER TABLE `model_has_roles`
  ADD PRIMARY KEY (`role_id`,`model_id`,`model_type`),
  ADD KEY `model_has_roles_model_id_model_type_index` (`model_id`,`model_type`);

--
-- Indexes for table `password_resets`
--
ALTER TABLE `password_resets`
  ADD KEY `password_resets_email_index` (`email`);

--
-- Indexes for table `permissions`
--
ALTER TABLE `permissions`
  ADD PRIMARY KEY (`id`),
  ADD UNIQUE KEY `permissions_name_guard_name_unique` (`name`,`guard_name`);

--
-- Indexes for table `personal_access_tokens`
--
ALTER TABLE `personal_access_tokens`
  ADD PRIMARY KEY (`id`),
  ADD UNIQUE KEY `personal_access_tokens_token_unique` (`token`),
  ADD KEY `personal_access_tokens_tokenable_type_tokenable_id_index` (`tokenable_type`,`tokenable_id`);

--
-- Indexes for table `roles`
--
ALTER TABLE `roles`
  ADD PRIMARY KEY (`id`),
  ADD UNIQUE KEY `roles_name_guard_name_unique` (`name`,`guard_name`);

--
-- Indexes for table `role_has_permissions`
--
ALTER TABLE `role_has_permissions`
  ADD PRIMARY KEY (`permission_id`,`role_id`),
  ADD KEY `role_has_permissions_role_id_foreign` (`role_id`);

--
-- Indexes for table `users`
--
ALTER TABLE `users`
  ADD PRIMARY KEY (`id`),
  ADD UNIQUE KEY `users_email_unique` (`email`);

--
-- AUTO_INCREMENT for dumped tables
--

--
-- AUTO_INCREMENT for table `bookings`
--
ALTER TABLE `bookings`
  MODIFY `id` bigint(20) UNSIGNED NOT NULL AUTO_INCREMENT, AUTO_INCREMENT=21;

--
-- AUTO_INCREMENT for table `booking_settings`
--
ALTER TABLE `booking_settings`
  MODIFY `id` bigint(20) UNSIGNED NOT NULL AUTO_INCREMENT, AUTO_INCREMENT=7;

--
-- AUTO_INCREMENT for table `booking_slots`
--
ALTER TABLE `booking_slots`
  MODIFY `id` bigint(20) UNSIGNED NOT NULL AUTO_INCREMENT, AUTO_INCREMENT=1695;

--
-- AUTO_INCREMENT for table `failed_jobs`
--
ALTER TABLE `failed_jobs`
  MODIFY `id` bigint(20) UNSIGNED NOT NULL AUTO_INCREMENT;

--
-- AUTO_INCREMENT for table `migrations`
--
ALTER TABLE `migrations`
  MODIFY `id` int(10) UNSIGNED NOT NULL AUTO_INCREMENT, AUTO_INCREMENT=11;

--
-- AUTO_INCREMENT for table `permissions`
--
ALTER TABLE `permissions`
  MODIFY `id` bigint(20) UNSIGNED NOT NULL AUTO_INCREMENT, AUTO_INCREMENT=23;

--
-- AUTO_INCREMENT for table `personal_access_tokens`
--
ALTER TABLE `personal_access_tokens`
  MODIFY `id` bigint(20) UNSIGNED NOT NULL AUTO_INCREMENT;

--
-- AUTO_INCREMENT for table `roles`
--
ALTER TABLE `roles`
  MODIFY `id` bigint(20) UNSIGNED NOT NULL AUTO_INCREMENT, AUTO_INCREMENT=6;

--
-- AUTO_INCREMENT for table `users`
--
ALTER TABLE `users`
  MODIFY `id` bigint(20) UNSIGNED NOT NULL AUTO_INCREMENT, AUTO_INCREMENT=22;

--
-- Constraints for dumped tables
--

--
-- Constraints for table `bookings`
--
ALTER TABLE `bookings`
  ADD CONSTRAINT `bookings_booked_by_foreign` FOREIGN KEY (`booked_by`) REFERENCES `users` (`id`) ON DELETE CASCADE ON UPDATE NO ACTION,
  ADD CONSTRAINT `bookings_user_id_foreign` FOREIGN KEY (`user_id`) REFERENCES `users` (`id`) ON DELETE CASCADE ON UPDATE NO ACTION;

--
-- Constraints for table `booking_settings`
--
ALTER TABLE `booking_settings`
  ADD CONSTRAINT `booking_settings_user_id_foreign` FOREIGN KEY (`user_id`) REFERENCES `users` (`id`) ON DELETE CASCADE ON UPDATE NO ACTION;

--
-- Constraints for table `booking_slots`
--
ALTER TABLE `booking_slots`
  ADD CONSTRAINT `booking_slots_user_id_foreign` FOREIGN KEY (`user_id`) REFERENCES `users` (`id`) ON DELETE CASCADE ON UPDATE NO ACTION;

--
-- Constraints for table `model_has_permissions`
--
ALTER TABLE `model_has_permissions`
  ADD CONSTRAINT `model_has_permissions_permission_id_foreign` FOREIGN KEY (`permission_id`) REFERENCES `permissions` (`id`) ON DELETE CASCADE;

--
-- Constraints for table `model_has_roles`
--
ALTER TABLE `model_has_roles`
  ADD CONSTRAINT `model_has_roles_role_id_foreign` FOREIGN KEY (`role_id`) REFERENCES `roles` (`id`) ON DELETE CASCADE;

--
-- Constraints for table `role_has_permissions`
--
ALTER TABLE `role_has_permissions`
  ADD CONSTRAINT `role_has_permissions_permission_id_foreign` FOREIGN KEY (`permission_id`) REFERENCES `permissions` (`id`) ON DELETE CASCADE,
  ADD CONSTRAINT `role_has_permissions_role_id_foreign` FOREIGN KEY (`role_id`) REFERENCES `roles` (`id`) ON DELETE CASCADE;
COMMIT;

/*!40101 SET CHARACTER_SET_CLIENT=@OLD_CHARACTER_SET_CLIENT */;
/*!40101 SET CHARACTER_SET_RESULTS=@OLD_CHARACTER_SET_RESULTS */;
/*!40101 SET COLLATION_CONNECTION=@OLD_COLLATION_CONNECTION */;
